Time,open_circuit_voltage,pole_weight,assembly_time,assembly_pressure,electrolyte_volume,coin_num,electrolyte_code,coin_cell_code,formulation_order_code,formulation_ratio
20260317_162514,0.6470000147819519,28.75,502.0,3318,80,7,NoRead88,YS104219,,
20260317_163955,0.6800000071525574,28.780000686645508,883.0,3285,80,7,NoRead88,YS104395,,
20260317_171603,1.1490000486373901,0.0,2167.0,3302,80,7,NoRead88,YS104287,,
20260317_172257,1.3760000467300415,28.10999870300293,414.0,3269,80,7,NoRead88,YS104286,,
20260317_173332,3.171999931335449,28.84000015258789,634.0,3318,80,7,NoRead88,17160106,,
20260317_173614,3.0429999828338623,28.75,161.0,3285,80,7,NoRead88,YS104389,,
20260317_173856,3.140000104904175,28.579998016357422,160.0,3205,80,7,NoRead88,YS104357,,
20260317_174428,3.171999931335449,28.06999969482422,318.0,3285,80,7,NoRead88,YS104212,,
20260317_180440,3.171999931335449,28.44999885559082,200.0,3269,80,7,NoRead88,YS104228,,
